rank,num_blocks,base_channels,num_params,final_val_acc,best_val_acc,mean_epoch_time_s
0,3,64,896522,0.7638,0.7724,2.4499500991428413
1,3,16,156074,0.7338,0.7338,1.7679642215713816
2,3,32,356810,0.7314,0.7508,1.9789919620000416
3,2,64,1125642,0.7126,0.7294,1.907074082500068
4,2,32,545098,0.71,0.7292,1.5968126307857509
5,2,16,268650,0.683,0.6934,1.569842783857163
6,1,32,1050890,0.6516,0.6704,1.433790166571433
7,1,64,2100362,0.651,0.6708,1.4997767704999856
8,1,16,526154,0.6324,0.6614,1.31915116835715
